{
  "roomers": {
    "153": {
      "name": "тест1",
      "pasport": "1234-000001",
      "birth": 2002,
      "adress": "тест",
      "purpose": "тест"
    },
    "252": {
      "name": "тест2",
      "pasport": "1234-000002",
      "birth": 2002,
      "adress": "тест",
      "purpose": "тест"
    },
    "456": {
      "name": "тест3",
      "pasport": "1234-000004",
      "birth": 2002,
      "adress": "тест",
      "purpose": "тест"
    },
    "561": {
      "name": "тест5",
      "pasport": "1234-000005",
      "birth": 2002,
      "adress": "тест",
      "purpose": "тест"
    },
    "1236": {
      "name": "testtest",
      "pasport": "1234-123123",
      "birth": 2002,
      "adress": "dom",
      "purpose": "..."
    },
    "484": {
      "name": "Лох",
      "pasport": "4567-123123",
      "birth": 2002,
      "adress": "дом",
      "purpose": "по приколу"
    }
  },
  "hotel_rooms": [
    {
      "number": "П001",
      "count_seats": 4,
      "count_rooms": 2,
      "bathroom": true,
      "equipment": "окно"
    },
    {
      "number": "П003",
      "count_seats": 3,
      "count_rooms": 4,
      "bathroom": false,
      "equipment": "кровать холодильник ведро"
    }
  ],
  "move_roomer": [
    {
      "pasport": "1234-000001",
      "number": "П001",
      "date_in": "2016",
      "date_out": "2025"
    },
    {
      "pasport": "1234-000002",
      "number": "П001",
      "date_in": "2016",
      "date_out": "2025"
    },
    {
      "pasport": "1234-000003",
      "number": "П001",
      "date_in": "2016",
      "date_out": "2025"
    },
    {
      "pasport": "1234-000004",
      "number": "П001",
      "date_in": "2016",
      "date_out": "2025"
    },
    {
      "pasport": "4567-123123",
      "number": "П003",
      "date_in": "56",
      "date_out": "456"
    },
    {
      "pasport": "4567-123123",
      "number": "П003",
      "date_in": "фыдвлгорра",
      "date_out": "фызвщшлра"
    }
  ]
}